543771344,543771353,543771354,543771363,543771364,543771373,543771374,543771383,543771384,543771393,543771394,543772303
543771342,543771351,543771352,543771361,543771362,543771371,543771372,543771381,543771382,543771391,543771392,543772301
543771244,543771253,543771254,543771263,543771264,543771273,543771274,543771283,543771284,543771293,543771294,543772203
543771242,543771251,543771252,543771261,543771262,543771271,543771272,543771281,543771282,543771291,543771292,543772201
543771144,543771153,543771154,543771163,543771164,543771173,543771174,543771183,543771184,543771193,543771194,543772103
543771142,543771151,543771152,543771161,543771162,543771171,543771172,543771181,543771182,543771191,543771192,543772101
543771044,543771053,543771054,543771063,543771064,543771073,543771074,543771083,543771084,543771093,543771094,543772003
543771042,543771051,543771052,543771061,543771062,543771071,543771072,543771081,543771082,543771091,543771092,543772001
543761944,543761953,543761954,543761963,543761964,543761973,543761974,543761983,543761984,543761993,543761994,543762903
543761942,543761951,543761952,543761961,543761962,543761971,543761972,543761981,543761982,543761991,543761992,543762901
543761844,543761853,543761854,543761863,543761864,543761873,543761874,543761883,543761884,543761893,543761894,543762803
543761842,543761851,543761852,543761861,543761862,543761871,543761872,543761881,543761882,543761891,543761892,543762801
543761744,543761753,543761754,543761763,543761764,543761773,543761774,543761783,543761784,543761793,543761794,543762703
543761742,543761751,543761752,543761761,543761762,543761771,543761772,543761781,543761782,543761791,543761792,543762701
543761644,543761653,543761654,543761663,543761664,543761673,543761674,543761683,543761684,543761693,543761694,543762603
543761642,543761651,543761652,543761661,543761662,543761671,543761672,543761681,543761682,543761691,543761692,543762601
543761544,543761553,543761554,543761563,543761564,543761573,543761574,543761583,543761584,543761593,543761594,543762503
543761542,543761551,543761552,543761561,543761562,543761571,543761572,543761581,543761582,543761591,543761592,543762501
543761444,543761453,543761454,543761463,543761464,543761473,543761474,543761483,543761484,543761493,543761494,543762403
543761442,543761451,543761452,543761461,543761462,543761471,543761472,543761481,543761482,543761491,543761492,543762401
543761344,543761353,543761354,543761363,543761364,543761373,543761374,543761383,543761384,543761393,543761394,543762303
543761342,543761351,543761352,543761361,543761362,543761371,543761372,543761381,543761382,543761391,543761392,543762301
543761244,543761253,543761254,543761263,543761264,543761273,543761274,543761283,543761284,543761293,543761294,543762203
543761242,543761251,543761252,543761261,543761262,543761271,543761272,543761281,543761282,543761291,543761292,543762201
543761144,543761153,543761154,543761163,543761164,543761173,543761174,543761183,543761184,543761193,543761194,543762103
543761142,543761151,543761152,543761161,543761162,543761171,543761172,543761181,543761182,543761191,543761192,543762101
543761044,543761053,543761054,543761063,543761064,543761073,543761074,543761083,543761084,543761093,543761094,543762003
543761042,543761051,543761052,543761061,543761062,543761071,543761072,543761081,543761082,543761091,543761092,543762001
543751944,543751953,543751954,543751963,543751964,543751973,543751974,543751983,543751984,543751993,543751994,543752903
543751942,543751951,543751952,543751961,543751962,543751971,543751972,543751981,543751982,543751991,543751992,543752901
543751844,543751853,543751854,543751863,543751864,543751873,543751874,543751883,543751884,543751893,543751894,543752803
543751842,543751851,543751852,543751861,543751862,543751871,543751872,543751881,543751882,543751891,543751892,543752801
543751744,543751753,543751754,543751763,543751764,543751773,543751774,543751783,543751784,543751793,543751794,543752703
543751742,543751751,543751752,543751761,543751762,543751771,543751772,543751781,543751782,543751791,543751792,543752701
543751644,543751653,543751654,543751663,543751664,543751673,543751674,543751683,543751684,543751693,543751694,543752603
543751642,543751651,543751652,543751661,543751662,543751671,543751672,543751681,543751682,543751691,543751692,543752601
543751544,543751553,543751554,543751563,543751564,543751573,543751574,543751583,543751584,543751593,543751594,543752503
543751542,543751551,543751552,543751561,543751562,543751571,543751572,543751581,543751582,543751591,543751592,543752501
